Time;Server;Message_type;CPU Usage;Memory Usage;Latency;Transaction_ID;To_Server;Message
1.3173483804229733;client;INFO;0.006645133804599649;0.007154671752327052;0;463bc729-2274-43b4-b6e4-05745b168c1b;balance#db378d69-78bb-409a-994f-18b808b06d14;Requesting balance#db378d69-78bb-409a-994f-18b808b06d14 by client
1.3173483804229733;authentication#697fca12-5e2b-4e01-b0d3-81e084c20ed6;INFO;0.007241722655894194;0.007329913370279161;0;463bc729-2274-43b4-b6e4-05745b168c1b;authentication#697fca12-5e2b-4e01-b0d3-81e084c20ed6;Requesting authentication#697fca12-5e2b-4e01-b0d3-81e084c20ed6 by authentication#697fca12-5e2b-4e01-b0d3-81e084c20ed6
1.3837997184689699;balance#db378d69-78bb-409a-994f-18b808b06d14;INFO;0.0020221647239982354;0.005721010443129971;0.0664513380459965;463bc729-2274-43b4-b6e4-05745b168c1b;balance#db378d69-78bb-409a-994f-18b808b06d14;Requesting balance#db378d69-78bb-409a-994f-18b808b06d14 by balance#db378d69-78bb-409a-994f-18b808b06d14
1.3837997184689699;credit#79f62aad-d546-4726-bcac-d0ee58558c91;INFO;0.005696706958368471;0.001922405621525379;0;463bc729-2274-43b4-b6e4-05745b168c1b;credit#79f62aad-d546-4726-bcac-d0ee58558c91;Requesting credit#79f62aad-d546-4726-bcac-d0ee58558c91 by credit#79f62aad-d546-4726-bcac-d0ee58558c91
4.695642775797661;client;INFO;0.10549088928616725;0.01857123615608754;0.020221647239982356;283f5512-9661-48a5-9032-ac6ae81d1268;balance#db378d69-78bb-409a-994f-18b808b06d14;Requesting balance#db378d69-78bb-409a-994f-18b808b06d14 by client
4.768060002356603;authentication#697fca12-5e2b-4e01-b0d3-81e084c20ed6;INFO;0.007954907128454343;0.002672277059408989;0.07241722655894194;283f5512-9661-48a5-9032-ac6ae81d1268;authentication#697fca12-5e2b-4e01-b0d3-81e084c20ed6;Requesting authentication#697fca12-5e2b-4e01-b0d3-81e084c20ed6 by authentication#697fca12-5e2b-4e01-b0d3-81e084c20ed6
5.822968895218276;balance#db378d69-78bb-409a-994f-18b808b06d14;INFO;0.009855833246934342;0.0038456899638064346;1.0549088928616726;283f5512-9661-48a5-9032-ac6ae81d1268;balance#db378d69-78bb-409a-994f-18b808b06d14;Requesting balance#db378d69-78bb-409a-994f-18b808b06d14 by balance#db378d69-78bb-409a-994f-18b808b06d14
5.879935964801961;credit#79f62aad-d546-4726-bcac-d0ee58558c91;INFO;0.009509069371589365;0.009354040937656415;0.05696706958368471;283f5512-9661-48a5-9032-ac6ae81d1268;credit#79f62aad-d546-4726-bcac-d0ee58558c91;Requesting credit#79f62aad-d546-4726-bcac-d0ee58558c91 by credit#79f62aad-d546-4726-bcac-d0ee58558c91
6.448941283500826;client;INFO;0.10605209202408482;0.018343915593939976;0.09855833246934342;55cfc150-757c-43a2-8742-f2b3a5421ec0;balance#db378d69-78bb-409a-994f-18b808b06d14;Requesting balance#db378d69-78bb-409a-994f-18b808b06d14 by client
6.52849035478537;authentication#697fca12-5e2b-4e01-b0d3-81e084c20ed6;INFO;0.007445291595993732;0.008625287577030306;0.07954907128454343;55cfc150-757c-43a2-8742-f2b3a5421ec0;authentication#697fca12-5e2b-4e01-b0d3-81e084c20ed6;Requesting authentication#697fca12-5e2b-4e01-b0d3-81e084c20ed6 by authentication#697fca12-5e2b-4e01-b0d3-81e084c20ed6
7.589011275026218;balance#db378d69-78bb-409a-994f-18b808b06d14;INFO;0.003871269640045782;0.0036257062364857184;1.060520920240848;55cfc150-757c-43a2-8742-f2b3a5421ec0;balance#db378d69-78bb-409a-994f-18b808b06d14;Requesting balance#db378d69-78bb-409a-994f-18b808b06d14 by balance#db378d69-78bb-409a-994f-18b808b06d14
7.589011275026218;payment#0c56fbee-e3f8-449e-86b2-f83eceab7a30;INFO;0.007889022315294508;0.0016954665766157587;0;55cfc150-757c-43a2-8742-f2b3a5421ec0;payment#0c56fbee-e3f8-449e-86b2-f83eceab7a30;Requesting payment#0c56fbee-e3f8-449e-86b2-f83eceab7a30 by payment#0c56fbee-e3f8-449e-86b2-f83eceab7a30
7.6841019687421115;credit#79f62aad-d546-4726-bcac-d0ee58558c91;INFO;0.0016256969767668218;0.0015993849469754153;0.09509069371589365;55cfc150-757c-43a2-8742-f2b3a5421ec0;credit#79f62aad-d546-4726-bcac-d0ee58558c91;Requesting credit#79f62aad-d546-4726-bcac-d0ee58558c91 by credit#79f62aad-d546-4726-bcac-d0ee58558c91
9.215308497564115;client;INFO;0.10456770112838656;0.015193306920813675;0.038712696400457824;c1d89e90-88c4-44e1-8148-6302dde44bf5;balance#db378d69-78bb-409a-994f-18b808b06d14;Requesting balance#db378d69-78bb-409a-994f-18b808b06d14 by client
9.289761413524053;authentication#697fca12-5e2b-4e01-b0d3-81e084c20ed6;INFO;0.009480151375986748;0.005251362403287477;0.07445291595993732;c1d89e90-88c4-44e1-8148-6302dde44bf5;authentication#697fca12-5e2b-4e01-b0d3-81e084c20ed6;Requesting authentication#697fca12-5e2b-4e01-b0d3-81e084c20ed6 by authentication#697fca12-5e2b-4e01-b0d3-81e084c20ed6
10.335438424807919;balance#db378d69-78bb-409a-994f-18b808b06d14;INFO;0.0024732353682394063;0.009524670950031993;1.0456770112838656;c1d89e90-88c4-44e1-8148-6302dde44bf5;balance#db378d69-78bb-409a-994f-18b808b06d14;Requesting balance#db378d69-78bb-409a-994f-18b808b06d14 by balance#db378d69-78bb-409a-994f-18b808b06d14
10.351695394575586;credit#79f62aad-d546-4726-bcac-d0ee58558c91;INFO;0.0033047334707853463;0.007787524437745964;0.016256969767668217;c1d89e90-88c4-44e1-8148-6302dde44bf5;credit#79f62aad-d546-4726-bcac-d0ee58558c91;Requesting credit#79f62aad-d546-4726-bcac-d0ee58558c91 by credit#79f62aad-d546-4726-bcac-d0ee58558c91
11.50174111000437;client;INFO;0.10373208103272395;0.011911149871447776;0.024732353682394063;4e1dd1e3-347c-4762-ac2c-517285400fcd;balance#db378d69-78bb-409a-994f-18b808b06d14;Requesting balance#db378d69-78bb-409a-994f-18b808b06d14 by client
11.596542623764236;authentication#697fca12-5e2b-4e01-b0d3-81e084c20ed6;INFO;0.008281369274936983;0.006349355272018553;0.09480151375986748;4e1dd1e3-347c-4762-ac2c-517285400fcd;authentication#697fca12-5e2b-4e01-b0d3-81e084c20ed6;Requesting authentication#697fca12-5e2b-4e01-b0d3-81e084c20ed6 by authentication#697fca12-5e2b-4e01-b0d3-81e084c20ed6
12.633863434091475;balance#db378d69-78bb-409a-994f-18b808b06d14;INFO;0.008934959695575673;0.009920189743598918;1.0373208103272396;4e1dd1e3-347c-4762-ac2c-517285400fcd;balance#db378d69-78bb-409a-994f-18b808b06d14;Requesting balance#db378d69-78bb-409a-994f-18b808b06d14 by balance#db378d69-78bb-409a-994f-18b808b06d14
12.66691076879933;credit#79f62aad-d546-4726-bcac-d0ee58558c91;INFO;0.0037964642279063212;0.004542968896865285;0.03304733470785346;4e1dd1e3-347c-4762-ac2c-517285400fcd;credit#79f62aad-d546-4726-bcac-d0ee58558c91;Requesting credit#79f62aad-d546-4726-bcac-d0ee58558c91 by credit#79f62aad-d546-4726-bcac-d0ee58558c91
12.883998679130897;client;INFO;0.1094312247511323;0.014435711060927357;0.08934959695575673;61151c47-719b-4acc-8385-90bca0cd5986;balance#db378d69-78bb-409a-994f-18b808b06d14;Requesting balance#db378d69-78bb-409a-994f-18b808b06d14 by client
12.966812371880268;authentication#697fca12-5e2b-4e01-b0d3-81e084c20ed6;INFO;0.008094011667169235;0.0056707909489965794;0.08281369274936984;61151c47-719b-4acc-8385-90bca0cd5986;authentication#697fca12-5e2b-4e01-b0d3-81e084c20ed6;Requesting authentication#697fca12-5e2b-4e01-b0d3-81e084c20ed6 by authentication#697fca12-5e2b-4e01-b0d3-81e084c20ed6
14.061124619391592;balance#db378d69-78bb-409a-994f-18b808b06d14;INFO;0.0036465577030391377;0.0015764534387497635;1.094312247511323;61151c47-719b-4acc-8385-90bca0cd5986;balance#db378d69-78bb-409a-994f-18b808b06d14;Requesting balance#db378d69-78bb-409a-994f-18b808b06d14 by balance#db378d69-78bb-409a-994f-18b808b06d14
14.140014842544536;payment#0c56fbee-e3f8-449e-86b2-f83eceab7a30;INFO;0.0016392988773503625;0.0038106715014562436;0.07889022315294508;61151c47-719b-4acc-8385-90bca0cd5986;payment#0c56fbee-e3f8-449e-86b2-f83eceab7a30;Requesting payment#0c56fbee-e3f8-449e-86b2-f83eceab7a30 by payment#0c56fbee-e3f8-449e-86b2-f83eceab7a30
14.177979484823599;credit#79f62aad-d546-4726-bcac-d0ee58558c91;INFO;0.0011729461482725889;0.0020133958171128378;0.03796464227906321;61151c47-719b-4acc-8385-90bca0cd5986;credit#79f62aad-d546-4726-bcac-d0ee58558c91;Requesting credit#79f62aad-d546-4726-bcac-d0ee58558c91 by credit#79f62aad-d546-4726-bcac-d0ee58558c91
16.975351170535177;client;INFO;0.1079347642853424;0.011852596162970274;0.036465577030391376;0c6e1793-28e9-45de-b882-5644aeb6c106;balance#db378d69-78bb-409a-994f-18b808b06d14;Requesting balance#db378d69-78bb-409a-994f-18b808b06d14 by client
17.056291287206868;authentication#697fca12-5e2b-4e01-b0d3-81e084c20ed6;INFO;0.005056993561225905;0.006433712883256341;0.08094011667169235;0c6e1793-28e9-45de-b882-5644aeb6c106;authentication#697fca12-5e2b-4e01-b0d3-81e084c20ed6;Requesting authentication#697fca12-5e2b-4e01-b0d3-81e084c20ed6 by authentication#697fca12-5e2b-4e01-b0d3-81e084c20ed6
17.075408163045562;balance#db378d69-78bb-409a-994f-18b808b06d14;INFO;0.10576779427519753;0.016922321520360432;0.0191168758386934;0c6e1793-28e9-45de-b882-5644aeb6c106;balance#db378d69-78bb-409a-994f-18b808b06d14;Requesting balance#db378d69-78bb-409a-994f-18b808b06d14 by balance#db378d69-78bb-409a-994f-18b808b06d14
17.08713762452829;credit#79f62aad-d546-4726-bcac-d0ee58558c91;INFO;0.002274690074359828;0.008541247849130976;0.011729461482725889;0c6e1793-28e9-45de-b882-5644aeb6c106;credit#79f62aad-d546-4726-bcac-d0ee58558c91;Requesting credit#79f62aad-d546-4726-bcac-d0ee58558c91 by credit#79f62aad-d546-4726-bcac-d0ee58558c91
18.10414730591651;client;INFO;0.10576779427519753;0.016922321520360432;0.0191168758386934;bc4b9165-9eff-4710-83af-8f9fb876e2ba;balance#db378d69-78bb-409a-994f-18b808b06d14;Requesting balance#db378d69-78bb-409a-994f-18b808b06d14 by client
18.15471724152877;authentication#697fca12-5e2b-4e01-b0d3-81e084c20ed6;INFO;0.008905004523577075;0.002325807258303691;0.05056993561225905;bc4b9165-9eff-4710-83af-8f9fb876e2ba;authentication#697fca12-5e2b-4e01-b0d3-81e084c20ed6;Requesting authentication#697fca12-5e2b-4e01-b0d3-81e084c20ed6 by authentication#697fca12-5e2b-4e01-b0d3-81e084c20ed6
19.212395184280744;balance#db378d69-78bb-409a-994f-18b808b06d14;INFO;0.20199447028717782;0.026484541885889005;1.0576779427519754;bc4b9165-9eff-4710-83af-8f9fb876e2ba;balance#db378d69-78bb-409a-994f-18b808b06d14;Requesting balance#db378d69-78bb-409a-994f-18b808b06d14 by balance#db378d69-78bb-409a-994f-18b808b06d14
19.228788173054248;payment#0c56fbee-e3f8-449e-86b2-f83eceab7a30;INFO;0.006661018628218239;0.0049936333251139236;0.016392988773503626;bc4b9165-9eff-4710-83af-8f9fb876e2ba;payment#0c56fbee-e3f8-449e-86b2-f83eceab7a30;Requesting payment#0c56fbee-e3f8-449e-86b2-f83eceab7a30 by payment#0c56fbee-e3f8-449e-86b2-f83eceab7a30
19.251535073797847;credit#79f62aad-d546-4726-bcac-d0ee58558c91;INFO;0.004245004498252212;0.009293450408823973;0.02274690074359828;bc4b9165-9eff-4710-83af-8f9fb876e2ba;credit#79f62aad-d546-4726-bcac-d0ee58558c91;Requesting credit#79f62aad-d546-4726-bcac-d0ee58558c91 by credit#79f62aad-d546-4726-bcac-d0ee58558c91
20.96212717747622;client;INFO;0.0023219015352026213;0.009316862513789798;1.0125600961448007;2cf9791a-f356-403f-8b87-3bd47c8f9a4b;balance#db378d69-78bb-409a-994f-18b808b06d14;Requesting balance#db378d69-78bb-409a-994f-18b808b06d14 by client
21.05117722271199;authentication#697fca12-5e2b-4e01-b0d3-81e084c20ed6;INFO;0.005011380564687228;0.007116741376285081;0.08905004523577076;2cf9791a-f356-403f-8b87-3bd47c8f9a4b;authentication#697fca12-5e2b-4e01-b0d3-81e084c20ed6;Requesting authentication#697fca12-5e2b-4e01-b0d3-81e084c20ed6 by authentication#697fca12-5e2b-4e01-b0d3-81e084c20ed6
21.074396238064015;balance#db378d69-78bb-409a-994f-18b808b06d14;INFO;0.10396161778809462;0.01599010895958261;0.023219015352026213;2cf9791a-f356-403f-8b87-3bd47c8f9a4b;balance#db378d69-78bb-409a-994f-18b808b06d14;Requesting balance#db378d69-78bb-409a-994f-18b808b06d14 by balance#db378d69-78bb-409a-994f-18b808b06d14
21.116846283046538;credit#79f62aad-d546-4726-bcac-d0ee58558c91;INFO;0.007645738354586989;0.0075247397061776996;0.042450044982522125;2cf9791a-f356-403f-8b87-3bd47c8f9a4b;credit#79f62aad-d546-4726-bcac-d0ee58558c91;Requesting credit#79f62aad-d546-4726-bcac-d0ee58558c91 by credit#79f62aad-d546-4726-bcac-d0ee58558c91
21.780566974001548;client;INFO;0.205192065265882;0.029009318462521718;1.0396161778809463;1b95b0c5-14cc-4f7c-a5a6-929d41770d39;balance#db378d69-78bb-409a-994f-18b808b06d14;Requesting balance#db378d69-78bb-409a-994f-18b808b06d14 by client
21.83068077964842;authentication#697fca12-5e2b-4e01-b0d3-81e084c20ed6;INFO;0.007610055093560619;0.005071535198378485;0.050113805646872275;1b95b0c5-14cc-4f7c-a5a6-929d41770d39;authentication#697fca12-5e2b-4e01-b0d3-81e084c20ed6;Requesting authentication#697fca12-5e2b-4e01-b0d3-81e084c20ed6 by authentication#697fca12-5e2b-4e01-b0d3-81e084c20ed6
22.32416561125789;client;INFO;0.10628132767991938;0.019744749999690128;2.05192065265882;3bda3d79-ac1a-418d-9e5a-f9453ef73b41;balance#db378d69-78bb-409a-994f-18b808b06d14;Requesting balance#db378d69-78bb-409a-994f-18b808b06d14 by client
22.400266162193496;authentication#697fca12-5e2b-4e01-b0d3-81e084c20ed6;INFO;0.006300614920349779;0.0028172519148435857;0.07610055093560619;3bda3d79-ac1a-418d-9e5a-f9453ef73b41;authentication#697fca12-5e2b-4e01-b0d3-81e084c20ed6;Requesting authentication#697fca12-5e2b-4e01-b0d3-81e084c20ed6 by authentication#697fca12-5e2b-4e01-b0d3-81e084c20ed6
23.46307943899269;balance#db378d69-78bb-409a-994f-18b808b06d14;INFO;0.20982269405784326;0.022436047000171787;1.0628132767991938;3bda3d79-ac1a-418d-9e5a-f9453ef73b41;balance#db378d69-78bb-409a-994f-18b808b06d14;Requesting balance#db378d69-78bb-409a-994f-18b808b06d14 by balance#db378d69-78bb-409a-994f-18b808b06d14
23.539536822538558;credit#79f62aad-d546-4726-bcac-d0ee58558c91;INFO;0.005529785452515781;0.004925182881124989;0.0764573835458699;3bda3d79-ac1a-418d-9e5a-f9453ef73b41;credit#79f62aad-d546-4726-bcac-d0ee58558c91;Requesting credit#79f62aad-d546-4726-bcac-d0ee58558c91 by credit#79f62aad-d546-4726-bcac-d0ee58558c91
23.88260143230724;balance#db378d69-78bb-409a-994f-18b808b06d14;INFO;0.20982269405784326;0.022436047000171787;1.0628132767991938;1b95b0c5-14cc-4f7c-a5a6-929d41770d39;balance#db378d69-78bb-409a-994f-18b808b06d14;Requesting balance#db378d69-78bb-409a-994f-18b808b06d14 by balance#db378d69-78bb-409a-994f-18b808b06d14
23.949211618589423;payment#0c56fbee-e3f8-449e-86b2-f83eceab7a30;INFO;0.007150779478436123;0.002554290550809323;0.06661018628218239;1b95b0c5-14cc-4f7c-a5a6-929d41770d39;payment#0c56fbee-e3f8-449e-86b2-f83eceab7a30;Requesting payment#0c56fbee-e3f8-449e-86b2-f83eceab7a30 by payment#0c56fbee-e3f8-449e-86b2-f83eceab7a30
24.00450947311458;credit#79f62aad-d546-4726-bcac-d0ee58558c91;INFO;0.007159059423000491;0.007249954158745906;0.05529785452515781;1b95b0c5-14cc-4f7c-a5a6-929d41770d39;credit#79f62aad-d546-4726-bcac-d0ee58558c91;Requesting credit#79f62aad-d546-4726-bcac-d0ee58558c91 by credit#79f62aad-d546-4726-bcac-d0ee58558c91
26.705742976371504;client;INFO;0.009055433672999599;0.005331229360968153;3.017778630017633;6bfc1064-5b8f-4b8f-9cbd-6b06df69f65c;balance#db378d69-78bb-409a-994f-18b808b06d14;Requesting balance#db378d69-78bb-409a-994f-18b808b06d14 by client
26.768749125575003;authentication#697fca12-5e2b-4e01-b0d3-81e084c20ed6;INFO;0.1088360897280668;0.018727520366460818;0.0630061492034978;6bfc1064-5b8f-4b8f-9cbd-6b06df69f65c;authentication#697fca12-5e2b-4e01-b0d3-81e084c20ed6;Requesting authentication#697fca12-5e2b-4e01-b0d3-81e084c20ed6 by authentication#697fca12-5e2b-4e01-b0d3-81e084c20ed6
26.859303462305;balance#db378d69-78bb-409a-994f-18b808b06d14;INFO;0.10998942941488739;0.01815458831667026;0.090554336729996;6bfc1064-5b8f-4b8f-9cbd-6b06df69f65c;balance#db378d69-78bb-409a-994f-18b808b06d14;Requesting balance#db378d69-78bb-409a-994f-18b808b06d14 by balance#db378d69-78bb-409a-994f-18b808b06d14
26.93081125708936;payment#0c56fbee-e3f8-449e-86b2-f83eceab7a30;INFO;0.006648928603442704;0.0022001844272212467;0.07150779478436123;6bfc1064-5b8f-4b8f-9cbd-6b06df69f65c;payment#0c56fbee-e3f8-449e-86b2-f83eceab7a30;Requesting payment#0c56fbee-e3f8-449e-86b2-f83eceab7a30 by payment#0c56fbee-e3f8-449e-86b2-f83eceab7a30
27.002401851319366;credit#79f62aad-d546-4726-bcac-d0ee58558c91;INFO;0.007515606450482315;0.001980363681197113;0.07159059423000491;6bfc1064-5b8f-4b8f-9cbd-6b06df69f65c;credit#79f62aad-d546-4726-bcac-d0ee58558c91;Requesting credit#79f62aad-d546-4726-bcac-d0ee58558c91 by credit#79f62aad-d546-4726-bcac-d0ee58558c91
28.27002959558562;client;INFO;0.20847369060525955;0.025116323564291793;1.0998942941488739;cf60207a-b246-4e07-a04e-6ac84c26814a;balance#db378d69-78bb-409a-994f-18b808b06d14;Requesting balance#db378d69-78bb-409a-994f-18b808b06d14 by client
28.33059910178383;client;INFO;0.20847369060525955;0.025116323564291793;1.0998942941488739;151c345f-ff44-46a8-8a50-07b799d772e6;balance#db378d69-78bb-409a-994f-18b808b06d14;Requesting balance#db378d69-78bb-409a-994f-18b808b06d14 by client
28.37689357792615;authentication#697fca12-5e2b-4e01-b0d3-81e084c20ed6;INFO;0.0077088306170904845;0.009819188219298204;0.046294476142320753;151c345f-ff44-46a8-8a50-07b799d772e6;authentication#697fca12-5e2b-4e01-b0d3-81e084c20ed6;Requesting authentication#697fca12-5e2b-4e01-b0d3-81e084c20ed6 by authentication#697fca12-5e2b-4e01-b0d3-81e084c20ed6
29.358390492866288;authentication#697fca12-5e2b-4e01-b0d3-81e084c20ed6;INFO;0.0077088306170904845;0.009819188219298204;0.046294476142320753;cf60207a-b246-4e07-a04e-6ac84c26814a;authentication#697fca12-5e2b-4e01-b0d3-81e084c20ed6;Requesting authentication#697fca12-5e2b-4e01-b0d3-81e084c20ed6 by authentication#697fca12-5e2b-4e01-b0d3-81e084c20ed6
30.390534604859834;balance#db378d69-78bb-409a-994f-18b808b06d14;INFO;0.20271569212055454;0.02592989870667733;1.0321441119935444;cf60207a-b246-4e07-a04e-6ac84c26814a;balance#db378d69-78bb-409a-994f-18b808b06d14;Requesting balance#db378d69-78bb-409a-994f-18b808b06d14 by balance#db378d69-78bb-409a-994f-18b808b06d14
30.45702389089426;payment#0c56fbee-e3f8-449e-86b2-f83eceab7a30;INFO;0.0088338397762646;0.007973924762046138;0.06648928603442704;cf60207a-b246-4e07-a04e-6ac84c26814a;payment#0c56fbee-e3f8-449e-86b2-f83eceab7a30;Requesting payment#0c56fbee-e3f8-449e-86b2-f83eceab7a30 by payment#0c56fbee-e3f8-449e-86b2-f83eceab7a30
30.461630483978745;balance#db378d69-78bb-409a-994f-18b808b06d14;INFO;0.20271569212055454;0.02592989870667733;1.0321441119935444;151c345f-ff44-46a8-8a50-07b799d772e6;balance#db378d69-78bb-409a-994f-18b808b06d14;Requesting balance#db378d69-78bb-409a-994f-18b808b06d14 by balance#db378d69-78bb-409a-994f-18b808b06d14
30.532179955399084;credit#79f62aad-d546-4726-bcac-d0ee58558c91;INFO;0.00380933326684392;0.008272570812016263;0.08600449042556536;cf60207a-b246-4e07-a04e-6ac84c26814a;credit#79f62aad-d546-4726-bcac-d0ee58558c91;Requesting credit#79f62aad-d546-4726-bcac-d0ee58558c91 by credit#79f62aad-d546-4726-bcac-d0ee58558c91
30.54763497440431;credit#79f62aad-d546-4726-bcac-d0ee58558c91;INFO;0.00380933326684392;0.008272570812016263;0.08600449042556536;151c345f-ff44-46a8-8a50-07b799d772e6;credit#79f62aad-d546-4726-bcac-d0ee58558c91;Requesting credit#79f62aad-d546-4726-bcac-d0ee58558c91 by credit#79f62aad-d546-4726-bcac-d0ee58558c91
33.0599761329645;client;INFO;0.006914637074919677;0.008917527408201485;3.0933188862956937;8d36b5eb-01ab-4fe4-915e-d10817d9ef08;balance#db378d69-78bb-409a-994f-18b808b06d14;Requesting balance#db378d69-78bb-409a-994f-18b808b06d14 by client
33.13706443913541;authentication#697fca12-5e2b-4e01-b0d3-81e084c20ed6;INFO;0.10149211881626422;0.014457941703966089;0.07708830617090484;8d36b5eb-01ab-4fe4-915e-d10817d9ef08;authentication#697fca12-5e2b-4e01-b0d3-81e084c20ed6;Requesting authentication#697fca12-5e2b-4e01-b0d3-81e084c20ed6 by authentication#697fca12-5e2b-4e01-b0d3-81e084c20ed6
33.2062108098846;balance#db378d69-78bb-409a-994f-18b808b06d14;INFO;0.1052996561598427;0.013305332097184087;0.06914637074919677;8d36b5eb-01ab-4fe4-915e-d10817d9ef08;balance#db378d69-78bb-409a-994f-18b808b06d14;Requesting balance#db378d69-78bb-409a-994f-18b808b06d14 by balance#db378d69-78bb-409a-994f-18b808b06d14
33.24430414255304;credit#79f62aad-d546-4726-bcac-d0ee58558c91;INFO;0.10723859316334122;0.01791815300033224;0.0380933326684392;8d36b5eb-01ab-4fe4-915e-d10817d9ef08;credit#79f62aad-d546-4726-bcac-d0ee58558c91;Requesting credit#79f62aad-d546-4726-bcac-d0ee58558c91 by credit#79f62aad-d546-4726-bcac-d0ee58558c91
34.19679233554873;client;INFO;0.20781096906084448;0.021614959675807687;1.052996561598427;6da8ab47-9777-474b-9c46-6e771b6d5bfd;balance#db378d69-78bb-409a-994f-18b808b06d14;Requesting balance#db378d69-78bb-409a-994f-18b808b06d14 by client
34.56128374973321;client;INFO;0.20781096906084448;0.021614959675807687;1.052996561598427;c9b1cb7c-93c3-4719-b497-e56a4f8c553a;balance#db378d69-78bb-409a-994f-18b808b06d14;Requesting balance#db378d69-78bb-409a-994f-18b808b06d14 by client
34.63009994914233;authentication#697fca12-5e2b-4e01-b0d3-81e084c20ed6;INFO;0.0037861187233062567;0.007353994688828464;0.06881619940911883;c9b1cb7c-93c3-4719-b497-e56a4f8c553a;authentication#697fca12-5e2b-4e01-b0d3-81e084c20ed6;Requesting authentication#697fca12-5e2b-4e01-b0d3-81e084c20ed6 by authentication#697fca12-5e2b-4e01-b0d3-81e084c20ed6
35.21171352371137;authentication#697fca12-5e2b-4e01-b0d3-81e084c20ed6;INFO;0.0037861187233062567;0.007353994688828464;0.06881619940911883;6da8ab47-9777-474b-9c46-6e771b6d5bfd;authentication#697fca12-5e2b-4e01-b0d3-81e084c20ed6;Requesting authentication#697fca12-5e2b-4e01-b0d3-81e084c20ed6 by authentication#697fca12-5e2b-4e01-b0d3-81e084c20ed6
36.30522900735797;balance#db378d69-78bb-409a-994f-18b808b06d14;INFO;0.20317821137012007;0.022903574393509176;1.0935154836466072;6da8ab47-9777-474b-9c46-6e771b6d5bfd;balance#db378d69-78bb-409a-994f-18b808b06d14;Requesting balance#db378d69-78bb-409a-994f-18b808b06d14 by balance#db378d69-78bb-409a-994f-18b808b06d14
36.39356740512062;payment#0c56fbee-e3f8-449e-86b2-f83eceab7a30;INFO;0.005892931925228697;0.0072078288849403704;0.08833839776264601;6da8ab47-9777-474b-9c46-6e771b6d5bfd;payment#0c56fbee-e3f8-449e-86b2-f83eceab7a30;Requesting payment#0c56fbee-e3f8-449e-86b2-f83eceab7a30 by payment#0c56fbee-e3f8-449e-86b2-f83eceab7a30
36.70820963975077;balance#db378d69-78bb-409a-994f-18b808b06d14;INFO;0.20317821137012007;0.022903574393509176;1.0935154836466072;c9b1cb7c-93c3-4719-b497-e56a4f8c553a;balance#db378d69-78bb-409a-994f-18b808b06d14;Requesting balance#db378d69-78bb-409a-994f-18b808b06d14 by balance#db378d69-78bb-409a-994f-18b808b06d14
36.77204346606789;credit#79f62aad-d546-4726-bcac-d0ee58558c91;INFO;0.004546851956199969;0.004827679011568643;0.06383382631711997;c9b1cb7c-93c3-4719-b497-e56a4f8c553a;credit#79f62aad-d546-4726-bcac-d0ee58558c91;Requesting credit#79f62aad-d546-4726-bcac-d0ee58558c91 by credit#79f62aad-d546-4726-bcac-d0ee58558c91
37.46595333675403;credit#79f62aad-d546-4726-bcac-d0ee58558c91;INFO;0.004546851956199969;0.004827679011568643;0.06383382631711997;6da8ab47-9777-474b-9c46-6e771b6d5bfd;credit#79f62aad-d546-4726-bcac-d0ee58558c91;Requesting credit#79f62aad-d546-4726-bcac-d0ee58558c91 by credit#79f62aad-d546-4726-bcac-d0ee58558c91
39.49599912933054;client;INFO;0.00838524126891209;0.005273754295766942;3.0592653743212606;7a0b2222-a058-47f5-9f28-820be85a3501;balance#db378d69-78bb-409a-994f-18b808b06d14;Requesting balance#db378d69-78bb-409a-994f-18b808b06d14 by client
39.533860316563604;authentication#697fca12-5e2b-4e01-b0d3-81e084c20ed6;INFO;0.10140676213799907;0.014288749653131077;0.03786118723306257;7a0b2222-a058-47f5-9f28-820be85a3501;authentication#697fca12-5e2b-4e01-b0d3-81e084c20ed6;Requesting authentication#697fca12-5e2b-4e01-b0d3-81e084c20ed6 by authentication#697fca12-5e2b-4e01-b0d3-81e084c20ed6
39.61771272925272;balance#db378d69-78bb-409a-994f-18b808b06d14;INFO;0.10940296212694557;0.016706652213186336;0.0838524126891209;7a0b2222-a058-47f5-9f28-820be85a3501;balance#db378d69-78bb-409a-994f-18b808b06d14;Requesting balance#db378d69-78bb-409a-994f-18b808b06d14 by balance#db378d69-78bb-409a-994f-18b808b06d14
39.66318124881472;credit#79f62aad-d546-4726-bcac-d0ee58558c91;INFO;0.1086029469945832;0.013492502256246585;0.045468519561999696;7a0b2222-a058-47f5-9f28-820be85a3501;credit#79f62aad-d546-4726-bcac-d0ee58558c91;Requesting credit#79f62aad-d546-4726-bcac-d0ee58558c91 by credit#79f62aad-d546-4726-bcac-d0ee58558c91
41.022796935805644;client;INFO;0.20550477068409126;0.027802030909713074;1.0940296212694558;2b1be079-d431-4cc8-b725-64d912233144;balance#db378d69-78bb-409a-994f-18b808b06d14;Requesting balance#db378d69-78bb-409a-994f-18b808b06d14 by client
42.03686455718564;authentication#697fca12-5e2b-4e01-b0d3-81e084c20ed6;INFO;0.007595930588895415;0.004085747159913252;1.0140676213799906;2b1be079-d431-4cc8-b725-64d912233144;authentication#697fca12-5e2b-4e01-b0d3-81e084c20ed6;Requesting authentication#697fca12-5e2b-4e01-b0d3-81e084c20ed6 by authentication#697fca12-5e2b-4e01-b0d3-81e084c20ed6
42.429775735558046;client;INFO;0.10452140797613352;0.018607492376589024;2.0550477068409125;b349ae13-6a18-4f66-97fe-508d70f10b88;balance#db378d69-78bb-409a-994f-18b808b06d14;Requesting balance#db378d69-78bb-409a-994f-18b808b06d14 by client
42.505735041447;authentication#697fca12-5e2b-4e01-b0d3-81e084c20ed6;INFO;0.007667941858134201;0.0024260380515266034;0.07595930588895415;b349ae13-6a18-4f66-97fe-508d70f10b88;authentication#697fca12-5e2b-4e01-b0d3-81e084c20ed6;Requesting authentication#697fca12-5e2b-4e01-b0d3-81e084c20ed6 by authentication#697fca12-5e2b-4e01-b0d3-81e084c20ed6
43.55094912120833;balance#db378d69-78bb-409a-994f-18b808b06d14;INFO;0.20182624263631926;0.026752684759106044;1.0452140797613352;b349ae13-6a18-4f66-97fe-508d70f10b88;balance#db378d69-78bb-409a-994f-18b808b06d14;Requesting balance#db378d69-78bb-409a-994f-18b808b06d14 by balance#db378d69-78bb-409a-994f-18b808b06d14
43.60987844046062;payment#0c56fbee-e3f8-449e-86b2-f83eceab7a30;INFO;0.0023585943923673273;0.008717403507265326;0.05892931925228697;b349ae13-6a18-4f66-97fe-508d70f10b88;payment#0c56fbee-e3f8-449e-86b2-f83eceab7a30;Requesting payment#0c56fbee-e3f8-449e-86b2-f83eceab7a30 by payment#0c56fbee-e3f8-449e-86b2-f83eceab7a30
44.09191226402655;balance#db378d69-78bb-409a-994f-18b808b06d14;INFO;0.20182624263631926;0.026752684759106044;1.0452140797613352;2b1be079-d431-4cc8-b725-64d912233144;balance#db378d69-78bb-409a-994f-18b808b06d14;Requesting balance#db378d69-78bb-409a-994f-18b808b06d14 by balance#db378d69-78bb-409a-994f-18b808b06d14
44.14381665621826;credit#79f62aad-d546-4726-bcac-d0ee58558c91;INFO;0.005638374947430828;0.001623812309208833;0.05190439219171651;2b1be079-d431-4cc8-b725-64d912233144;credit#79f62aad-d546-4726-bcac-d0ee58558c91;Requesting credit#79f62aad-d546-4726-bcac-d0ee58558c91 by credit#79f62aad-d546-4726-bcac-d0ee58558c91
44.695907910406454;credit#79f62aad-d546-4726-bcac-d0ee58558c91;INFO;0.005638374947430828;0.001623812309208833;0.05190439219171651;b349ae13-6a18-4f66-97fe-508d70f10b88;credit#79f62aad-d546-4726-bcac-d0ee58558c91;Requesting credit#79f62aad-d546-4726-bcac-d0ee58558c91 by credit#79f62aad-d546-4726-bcac-d0ee58558c91
47.0808486793515;client;INFO;0.0070888384111037345;0.00969572646983224;3.0201616115128536;3b6da04b-b6b3-4e50-bbb6-3b09b1e1e321;balance#db378d69-78bb-409a-994f-18b808b06d14;Requesting balance#db378d69-78bb-409a-994f-18b808b06d14 by client
47.15752809793284;authentication#697fca12-5e2b-4e01-b0d3-81e084c20ed6;INFO;0.1069214902740635;0.013126351841446109;0.07667941858134202;3b6da04b-b6b3-4e50-bbb6-3b09b1e1e321;authentication#697fca12-5e2b-4e01-b0d3-81e084c20ed6;Requesting authentication#697fca12-5e2b-4e01-b0d3-81e084c20ed6 by authentication#697fca12-5e2b-4e01-b0d3-81e084c20ed6
47.228416482043876;balance#db378d69-78bb-409a-994f-18b808b06d14;INFO;0.10904296810989407;0.011872840147918657;0.07088838411103734;3b6da04b-b6b3-4e50-bbb6-3b09b1e1e321;balance#db378d69-78bb-409a-994f-18b808b06d14;Requesting balance#db378d69-78bb-409a-994f-18b808b06d14 by balance#db378d69-78bb-409a-994f-18b808b06d14
47.28480023151818;credit#79f62aad-d546-4726-bcac-d0ee58558c91;INFO;0.10160727487681226;0.019104335602269942;0.056383749474308284;3b6da04b-b6b3-4e50-bbb6-3b09b1e1e321;credit#79f62aad-d546-4726-bcac-d0ee58558c91;Requesting credit#79f62aad-d546-4726-bcac-d0ee58558c91 by credit#79f62aad-d546-4726-bcac-d0ee58558c91
48.491781896163275;client;INFO;0.20840059598530256;0.027475253820019918;1.0904296810989407;6516f018-9f14-4e0f-8538-f59daf66bfdb;balance#db378d69-78bb-409a-994f-18b808b06d14;Requesting balance#db378d69-78bb-409a-994f-18b808b06d14 by client
49.02726680540402;client;INFO;0.20840059598530256;0.027475253820019918;1.0904296810989407;69ee67f2-5bb8-4bc6-bbb0-31c48195322f;balance#db378d69-78bb-409a-994f-18b808b06d14;Requesting balance#db378d69-78bb-409a-994f-18b808b06d14 by client
49.044263352489395;authentication#697fca12-5e2b-4e01-b0d3-81e084c20ed6;INFO;0.008712352852359797;0.008336273301870346;0.016996547085375433;69ee67f2-5bb8-4bc6-bbb0-31c48195322f;authentication#697fca12-5e2b-4e01-b0d3-81e084c20ed6;Requesting authentication#697fca12-5e2b-4e01-b0d3-81e084c20ed6 by authentication#697fca12-5e2b-4e01-b0d3-81e084c20ed6
49.56099679890391;authentication#697fca12-5e2b-4e01-b0d3-81e084c20ed6;INFO;0.008712352852359797;0.008336273301870346;0.016996547085375433;6516f018-9f14-4e0f-8538-f59daf66bfdb;authentication#697fca12-5e2b-4e01-b0d3-81e084c20ed6;Requesting authentication#697fca12-5e2b-4e01-b0d3-81e084c20ed6 by authentication#697fca12-5e2b-4e01-b0d3-81e084c20ed6
50.584061127362;balance#db378d69-78bb-409a-994f-18b808b06d14;INFO;0.2081169043287142;0.024983644608080537;1.0230643284580878;6516f018-9f14-4e0f-8538-f59daf66bfdb;balance#db378d69-78bb-409a-994f-18b808b06d14;Requesting balance#db378d69-78bb-409a-994f-18b808b06d14 by balance#db378d69-78bb-409a-994f-18b808b06d14
50.60764707128567;payment#0c56fbee-e3f8-449e-86b2-f83eceab7a30;INFO;0.00525023885897562;0.005441363612061166;0.023585943923673275;6516f018-9f14-4e0f-8538-f59daf66bfdb;payment#0c56fbee-e3f8-449e-86b2-f83eceab7a30;Requesting payment#0c56fbee-e3f8-449e-86b2-f83eceab7a30 by payment#0c56fbee-e3f8-449e-86b2-f83eceab7a30
51.12826931234242;balance#db378d69-78bb-409a-994f-18b808b06d14;INFO;0.2081169043287142;0.024983644608080537;1.0230643284580878;69ee67f2-5bb8-4bc6-bbb0-31c48195322f;balance#db378d69-78bb-409a-994f-18b808b06d14;Requesting balance#db378d69-78bb-409a-994f-18b808b06d14 by balance#db378d69-78bb-409a-994f-18b808b06d14
51.1587978861193;credit#79f62aad-d546-4726-bcac-d0ee58558c91;INFO;0.00875455650134394;0.00464530342536885;0.03052857377688334;69ee67f2-5bb8-4bc6-bbb0-31c48195322f;credit#79f62aad-d546-4726-bcac-d0ee58558c91;Requesting credit#79f62aad-d546-4726-bcac-d0ee58558c91 by credit#79f62aad-d546-4726-bcac-d0ee58558c91
51.62371982005379;credit#79f62aad-d546-4726-bcac-d0ee58558c91;INFO;0.00875455650134394;0.00464530342536885;0.03052857377688334;6516f018-9f14-4e0f-8538-f59daf66bfdb;credit#79f62aad-d546-4726-bcac-d0ee58558c91;Requesting credit#79f62aad-d546-4726-bcac-d0ee58558c91 by credit#79f62aad-d546-4726-bcac-d0ee58558c91
53.729723867933174;client;INFO;0.0015300062568673763;0.002404350098947004;3.029547825602071;959f22b9-6608-4ad2-a47b-cb5edb7df0e3;balance#db378d69-78bb-409a-994f-18b808b06d14;Requesting balance#db378d69-78bb-409a-994f-18b808b06d14 by client
53.81684739645677;authentication#697fca12-5e2b-4e01-b0d3-81e084c20ed6;INFO;0.10922161302083641;0.015603592777596396;0.08712352852359798;959f22b9-6608-4ad2-a47b-cb5edb7df0e3;authentication#697fca12-5e2b-4e01-b0d3-81e084c20ed6;Requesting authentication#697fca12-5e2b-4e01-b0d3-81e084c20ed6 by authentication#697fca12-5e2b-4e01-b0d3-81e084c20ed6
53.83214745902545;balance#db378d69-78bb-409a-994f-18b808b06d14;INFO;0.10588521686073457;0.01600254713535193;0.015300062568673764;959f22b9-6608-4ad2-a47b-cb5edb7df0e3;balance#db378d69-78bb-409a-994f-18b808b06d14;Requesting balance#db378d69-78bb-409a-994f-18b808b06d14 by balance#db378d69-78bb-409a-994f-18b808b06d14
53.91969302403889;credit#79f62aad-d546-4726-bcac-d0ee58558c91;INFO;0.10628118303874501;0.013108765760766276;0.08754556501343941;959f22b9-6608-4ad2-a47b-cb5edb7df0e3;credit#79f62aad-d546-4726-bcac-d0ee58558c91;Requesting credit#79f62aad-d546-4726-bcac-d0ee58558c91 by credit#79f62aad-d546-4726-bcac-d0ee58558c91
56.26154732987776;client;INFO;0.206182914465258;0.022736249782175328;1.0588521686073458;20589e9f-a369-45c3-86cc-1d38755a2f3c;balance#db378d69-78bb-409a-994f-18b808b06d14;Requesting balance#db378d69-78bb-409a-994f-18b808b06d14 by client
56.3929783415888;client;INFO;0.206182914465258;0.022736249782175328;1.0588521686073458;ca9576fd-c98a-4cd4-b52f-a4657855c8c3;balance#db378d69-78bb-409a-994f-18b808b06d14;Requesting balance#db378d69-78bb-409a-994f-18b808b06d14 by client
56.46914160299433;authentication#697fca12-5e2b-4e01-b0d3-81e084c20ed6;INFO;0.004860824733301704;0.0025480358201640614;0.07616326140552755;ca9576fd-c98a-4cd4-b52f-a4657855c8c3;authentication#697fca12-5e2b-4e01-b0d3-81e084c20ed6;Requesting authentication#697fca12-5e2b-4e01-b0d3-81e084c20ed6 by authentication#697fca12-5e2b-4e01-b0d3-81e084c20ed6
57.35376346008612;authentication#697fca12-5e2b-4e01-b0d3-81e084c20ed6;INFO;0.004860824733301704;0.0025480358201640614;0.07616326140552755;20589e9f-a369-45c3-86cc-1d38755a2f3c;authentication#697fca12-5e2b-4e01-b0d3-81e084c20ed6;Requesting authentication#697fca12-5e2b-4e01-b0d3-81e084c20ed6 by authentication#697fca12-5e2b-4e01-b0d3-81e084c20ed6
58.40986336248734;balance#db378d69-78bb-409a-994f-18b808b06d14;INFO;0.2096695381829613;0.02149020144071284;1.0560999024012245;20589e9f-a369-45c3-86cc-1d38755a2f3c;balance#db378d69-78bb-409a-994f-18b808b06d14;Requesting balance#db378d69-78bb-409a-994f-18b808b06d14 by balance#db378d69-78bb-409a-994f-18b808b06d14
58.4623657510771;payment#0c56fbee-e3f8-449e-86b2-f83eceab7a30;INFO;0.00840691219455176;0.002004701612391603;0.0525023885897562;20589e9f-a369-45c3-86cc-1d38755a2f3c;payment#0c56fbee-e3f8-449e-86b2-f83eceab7a30;Requesting payment#0c56fbee-e3f8-449e-86b2-f83eceab7a30 by payment#0c56fbee-e3f8-449e-86b2-f83eceab7a30
58.530970747646904;balance#db378d69-78bb-409a-994f-18b808b06d14;INFO;0.2096695381829613;0.02149020144071284;1.0560999024012245;ca9576fd-c98a-4cd4-b52f-a4657855c8c3;balance#db378d69-78bb-409a-994f-18b808b06d14;Requesting balance#db378d69-78bb-409a-994f-18b808b06d14 by balance#db378d69-78bb-409a-994f-18b808b06d14
58.58071544332819;credit#79f62aad-d546-4726-bcac-d0ee58558c91;INFO;0.005342296335625244;0.006379533141207909;0.0497446956812853;ca9576fd-c98a-4cd4-b52f-a4657855c8c3;credit#79f62aad-d546-4726-bcac-d0ee58558c91;Requesting credit#79f62aad-d546-4726-bcac-d0ee58558c91 by credit#79f62aad-d546-4726-bcac-d0ee58558c91
59.525177581464554;credit#79f62aad-d546-4726-bcac-d0ee58558c91;INFO;0.005342296335625244;0.006379533141207909;0.0497446956812853;20589e9f-a369-45c3-86cc-1d38755a2f3c;credit#79f62aad-d546-4726-bcac-d0ee58558c91;Requesting credit#79f62aad-d546-4726-bcac-d0ee58558c91 by credit#79f62aad-d546-4726-bcac-d0ee58558c91
62.60843992613234;client;INFO;0.30412776325612584;0.03831845986020964;2.096695381829613;6b183ce7-45bb-4919-891d-99da0128903c;balance#db378d69-78bb-409a-994f-18b808b06d14;Requesting balance#db378d69-78bb-409a-994f-18b808b06d14 by client
62.657048173465355;authentication#697fca12-5e2b-4e01-b0d3-81e084c20ed6;INFO;0.10768886688170225;0.01889353441612196;0.04860824733301704;6b183ce7-45bb-4919-891d-99da0128903c;authentication#697fca12-5e2b-4e01-b0d3-81e084c20ed6;Requesting authentication#697fca12-5e2b-4e01-b0d3-81e084c20ed6 by authentication#697fca12-5e2b-4e01-b0d3-81e084c20ed6
65.69832580602662;balance#db378d69-78bb-409a-994f-18b808b06d14;INFO;0.003281156889491585;0.005006230112826673;3.0412776325612585;6b183ce7-45bb-4919-891d-99da0128903c;balance#db378d69-78bb-409a-994f-18b808b06d14;Requesting balance#db378d69-78bb-409a-994f-18b808b06d14 by balance#db378d69-78bb-409a-994f-18b808b06d14
65.75174876938287;credit#79f62aad-d546-4726-bcac-d0ee58558c91;INFO;0.10953992811173689;0.012154709313746428;0.053422963356252434;6b183ce7-45bb-4919-891d-99da0128903c;credit#79f62aad-d546-4726-bcac-d0ee58558c91;Requesting credit#79f62aad-d546-4726-bcac-d0ee58558c91 by credit#79f62aad-d546-4726-bcac-d0ee58558c91
66.15051738648845;client;INFO;0.10574260920945454;0.015243838947119996;0.03281156889491585;1c3ee86a-789e-4fc8-bcde-163f3da485e3;balance#db378d69-78bb-409a-994f-18b808b06d14;Requesting balance#db378d69-78bb-409a-994f-18b808b06d14 by client
67.22740605530547;authentication#697fca12-5e2b-4e01-b0d3-81e084c20ed6;INFO;0.007709300672678256;0.0034306699899551048;1.0768886688170225;1c3ee86a-789e-4fc8-bcde-163f3da485e3;authentication#697fca12-5e2b-4e01-b0d3-81e084c20ed6;Requesting authentication#697fca12-5e2b-4e01-b0d3-81e084c20ed6 by authentication#697fca12-5e2b-4e01-b0d3-81e084c20ed6
67.25285316162598;balance#db378d69-78bb-409a-994f-18b808b06d14;INFO;0.10267532069570047;0.016658676030069586;0.025447106320510164;1c3ee86a-789e-4fc8-bcde-163f3da485e3;balance#db378d69-78bb-409a-994f-18b808b06d14;Requesting balance#db378d69-78bb-409a-994f-18b808b06d14 by balance#db378d69-78bb-409a-994f-18b808b06d14
67.86700850577401;client;INFO;0.10267532069570047;0.016658676030069586;0.025447106320510164;cc65652e-f7f5-402d-8ed9-aa85f1c0cc97;balance#db378d69-78bb-409a-994f-18b808b06d14;Requesting balance#db378d69-78bb-409a-994f-18b808b06d14 by client
67.9441015125008;authentication#697fca12-5e2b-4e01-b0d3-81e084c20ed6;INFO;0.005818476983604429;0.00960320059206915;0.07709300672678256;cc65652e-f7f5-402d-8ed9-aa85f1c0cc97;authentication#697fca12-5e2b-4e01-b0d3-81e084c20ed6;Requesting authentication#697fca12-5e2b-4e01-b0d3-81e084c20ed6 by authentication#697fca12-5e2b-4e01-b0d3-81e084c20ed6
68.34825244274334;credit#79f62aad-d546-4726-bcac-d0ee58558c91;INFO;0.0043417735235492146;0.00660478693687646;1.095399281117369;1c3ee86a-789e-4fc8-bcde-163f3da485e3;credit#79f62aad-d546-4726-bcac-d0ee58558c91;Requesting credit#79f62aad-d546-4726-bcac-d0ee58558c91 by credit#79f62aad-d546-4726-bcac-d0ee58558c91
68.9708547194578;balance#db378d69-78bb-409a-994f-18b808b06d14;INFO;0.20958336284108442;0.023122216096359983;1.0267532069570047;cc65652e-f7f5-402d-8ed9-aa85f1c0cc97;balance#db378d69-78bb-409a-994f-18b808b06d14;Requesting balance#db378d69-78bb-409a-994f-18b808b06d14 by balance#db378d69-78bb-409a-994f-18b808b06d14
69.05492384140332;payment#0c56fbee-e3f8-449e-86b2-f83eceab7a30;INFO;0.009337360039046307;0.009248123553782843;0.08406912194551759;cc65652e-f7f5-402d-8ed9-aa85f1c0cc97;payment#0c56fbee-e3f8-449e-86b2-f83eceab7a30;Requesting payment#0c56fbee-e3f8-449e-86b2-f83eceab7a30 by payment#0c56fbee-e3f8-449e-86b2-f83eceab7a30
69.09834157663882;credit#79f62aad-d546-4726-bcac-d0ee58558c91;INFO;0.004627277413356555;0.008564546159226163;0.043417735235492146;cc65652e-f7f5-402d-8ed9-aa85f1c0cc97;credit#79f62aad-d546-4726-bcac-d0ee58558c91;Requesting credit#79f62aad-d546-4726-bcac-d0ee58558c91 by credit#79f62aad-d546-4726-bcac-d0ee58558c91
71.1387267166198;client;INFO;0.10927471049935292;0.014588186386772789;2.095833628410844;9cc803fb-80df-4eaa-8979-ae05da117b8b;balance#db378d69-78bb-409a-994f-18b808b06d14;Requesting balance#db378d69-78bb-409a-994f-18b808b06d14 by client
71.19691148645585;authentication#697fca12-5e2b-4e01-b0d3-81e084c20ed6;INFO;0.007272498236134705;0.004350483868368154;0.058184769836044294;9cc803fb-80df-4eaa-8979-ae05da117b8b;authentication#697fca12-5e2b-4e01-b0d3-81e084c20ed6;Requesting authentication#697fca12-5e2b-4e01-b0d3-81e084c20ed6 by authentication#697fca12-5e2b-4e01-b0d3-81e084c20ed6
72.28965859144938;balance#db378d69-78bb-409a-994f-18b808b06d14;INFO;0.0035008511659200994;0.004732533839923068;1.0927471049935291;9cc803fb-80df-4eaa-8979-ae05da117b8b;balance#db378d69-78bb-409a-994f-18b808b06d14;Requesting balance#db378d69-78bb-409a-994f-18b808b06d14 by balance#db378d69-78bb-409a-994f-18b808b06d14
72.33593136558295;credit#79f62aad-d546-4726-bcac-d0ee58558c91;INFO;0.005761283390038604;0.0020246589662649495;0.04627277413356555;9cc803fb-80df-4eaa-8979-ae05da117b8b;credit#79f62aad-d546-4726-bcac-d0ee58558c91;Requesting credit#79f62aad-d546-4726-bcac-d0ee58558c91 by credit#79f62aad-d546-4726-bcac-d0ee58558c91
73.30837871793152;client;INFO;0.10713192518920718;0.017217421630901654;0.03500851165920099;38c1fc89-e649-428c-a2d9-dfc2b14adf7c;balance#db378d69-78bb-409a-994f-18b808b06d14;Requesting balance#db378d69-78bb-409a-994f-18b808b06d14 by client
73.38110370029287;authentication#697fca12-5e2b-4e01-b0d3-81e084c20ed6;INFO;0.0021962271695513715;0.0031863389971326737;0.07272498236134706;38c1fc89-e649-428c-a2d9-dfc2b14adf7c;authentication#697fca12-5e2b-4e01-b0d3-81e084c20ed6;Requesting authentication#697fca12-5e2b-4e01-b0d3-81e084c20ed6 by authentication#697fca12-5e2b-4e01-b0d3-81e084c20ed6
74.04064994046962;client;INFO;0.10448831397075511;0.019039552883779662;0.06009564304023899;40f53bf6-df07-4fd7-b31c-fc6a24a27378;balance#db378d69-78bb-409a-994f-18b808b06d14;Requesting balance#db378d69-78bb-409a-994f-18b808b06d14 by client
74.06261221216513;authentication#697fca12-5e2b-4e01-b0d3-81e084c20ed6;INFO;0.003987941977085808;0.007568133125959622;0.021962271695513715;40f53bf6-df07-4fd7-b31c-fc6a24a27378;authentication#697fca12-5e2b-4e01-b0d3-81e084c20ed6;Requesting authentication#697fca12-5e2b-4e01-b0d3-81e084c20ed6 by authentication#697fca12-5e2b-4e01-b0d3-81e084c20ed6
74.45242295218495;balance#db378d69-78bb-409a-994f-18b808b06d14;INFO;0.20211880961051618;0.029412294080919235;1.044883139707551;38c1fc89-e649-428c-a2d9-dfc2b14adf7c;balance#db378d69-78bb-409a-994f-18b808b06d14;Requesting balance#db378d69-78bb-409a-994f-18b808b06d14 by balance#db378d69-78bb-409a-994f-18b808b06d14
74.51003578608534;credit#79f62aad-d546-4726-bcac-d0ee58558c91;INFO;0.0014957200662585799;0.00896085719010922;0.05761283390038604;38c1fc89-e649-428c-a2d9-dfc2b14adf7c;credit#79f62aad-d546-4726-bcac-d0ee58558c91;Requesting credit#79f62aad-d546-4726-bcac-d0ee58558c91 by credit#79f62aad-d546-4726-bcac-d0ee58558c91
75.10749535187269;balance#db378d69-78bb-409a-994f-18b808b06d14;INFO;0.20211880961051618;0.029412294080919235;1.044883139707551;40f53bf6-df07-4fd7-b31c-fc6a24a27378;balance#db378d69-78bb-409a-994f-18b808b06d14;Requesting balance#db378d69-78bb-409a-994f-18b808b06d14 by balance#db378d69-78bb-409a-994f-18b808b06d14
75.20086895226315;payment#0c56fbee-e3f8-449e-86b2-f83eceab7a30;INFO;0.0012215458393158983;0.003983654271808996;0.09337360039046308;40f53bf6-df07-4fd7-b31c-fc6a24a27378;payment#0c56fbee-e3f8-449e-86b2-f83eceab7a30;Requesting payment#0c56fbee-e3f8-449e-86b2-f83eceab7a30 by payment#0c56fbee-e3f8-449e-86b2-f83eceab7a30
75.21582615292573;credit#79f62aad-d546-4726-bcac-d0ee58558c91;INFO;0.009517488128106478;0.0034427475551753483;0.014957200662585799;40f53bf6-df07-4fd7-b31c-fc6a24a27378;credit#79f62aad-d546-4726-bcac-d0ee58558c91;Requesting credit#79f62aad-d546-4726-bcac-d0ee58558c91 by credit#79f62aad-d546-4726-bcac-d0ee58558c91
78.57300102012891;client;INFO;0.0038499167827032135;0.008809766645015427;3.087809725085397;3426c1f4-7d1a-47b8-84b8-cf57d3ba13d4;balance#db378d69-78bb-409a-994f-18b808b06d14;Requesting balance#db378d69-78bb-409a-994f-18b808b06d14 by client
78.61288043989977;authentication#697fca12-5e2b-4e01-b0d3-81e084c20ed6;INFO;0.10147451301317775;0.016150573941382116;0.039879419770858085;3426c1f4-7d1a-47b8-84b8-cf57d3ba13d4;authentication#697fca12-5e2b-4e01-b0d3-81e084c20ed6;Requesting authentication#697fca12-5e2b-4e01-b0d3-81e084c20ed6 by authentication#697fca12-5e2b-4e01-b0d3-81e084c20ed6
78.6513796077268;balance#db378d69-78bb-409a-994f-18b808b06d14;INFO;0.10310933973933331;0.011365347431025038;0.03849916782703214;3426c1f4-7d1a-47b8-84b8-cf57d3ba13d4;balance#db378d69-78bb-409a-994f-18b808b06d14;Requesting balance#db378d69-78bb-409a-994f-18b808b06d14 by balance#db378d69-78bb-409a-994f-18b808b06d14
78.74655448900786;credit#79f62aad-d546-4726-bcac-d0ee58558c91;INFO;0.007379171316870029;0.0033168859207817927;0.09517488128106477;3426c1f4-7d1a-47b8-84b8-cf57d3ba13d4;credit#79f62aad-d546-4726-bcac-d0ee58558c91;Requesting credit#79f62aad-d546-4726-bcac-d0ee58558c91 by credit#79f62aad-d546-4726-bcac-d0ee58558c91
79.72431879599002;client;INFO;0.2072167505781841;0.028538881126109722;1.0310933973933332;fe362c96-6253-4b61-8c99-ad87ed1fd1f3;balance#db378d69-78bb-409a-994f-18b808b06d14;Requesting balance#db378d69-78bb-409a-994f-18b808b06d14 by client
80.04838610704469;client;INFO;0.2072167505781841;0.028538881126109722;1.0310933973933332;f94a45fc-b1e7-4926-8c4a-1b853bfcb95e;balance#db378d69-78bb-409a-994f-18b808b06d14;Requesting balance#db378d69-78bb-409a-994f-18b808b06d14 by client
80.06457266271981;authentication#697fca12-5e2b-4e01-b0d3-81e084c20ed6;INFO;0.007005272619193118;0.0032363059841720885;0.016186555675113123;f94a45fc-b1e7-4926-8c4a-1b853bfcb95e;authentication#697fca12-5e2b-4e01-b0d3-81e084c20ed6;Requesting authentication#697fca12-5e2b-4e01-b0d3-81e084c20ed6 by authentication#697fca12-5e2b-4e01-b0d3-81e084c20ed6
80.73906392612179;authentication#697fca12-5e2b-4e01-b0d3-81e084c20ed6;INFO;0.007005272619193118;0.0032363059841720885;0.016186555675113123;fe362c96-6253-4b61-8c99-ad87ed1fd1f3;authentication#697fca12-5e2b-4e01-b0d3-81e084c20ed6;Requesting authentication#697fca12-5e2b-4e01-b0d3-81e084c20ed6 by authentication#697fca12-5e2b-4e01-b0d3-81e084c20ed6
81.75220423168885;balance#db378d69-78bb-409a-994f-18b808b06d14;INFO;0.2081419022444312;0.021426644275255827;1.0131403055670607;fe362c96-6253-4b61-8c99-ad87ed1fd1f3;balance#db378d69-78bb-409a-994f-18b808b06d14;Requesting balance#db378d69-78bb-409a-994f-18b808b06d14 by balance#db378d69-78bb-409a-994f-18b808b06d14
81.76441969008201;payment#0c56fbee-e3f8-449e-86b2-f83eceab7a30;INFO;0.007373758600606259;0.002288004589711327;0.012215458393158983;fe362c96-6253-4b61-8c99-ad87ed1fd1f3;payment#0c56fbee-e3f8-449e-86b2-f83eceab7a30;Requesting payment#0c56fbee-e3f8-449e-86b2-f83eceab7a30 by payment#0c56fbee-e3f8-449e-86b2-f83eceab7a30
81.83821140325071;credit#79f62aad-d546-4726-bcac-d0ee58558c91;INFO;0.003908843893031342;0.008382310895421047;0.07379171316870028;fe362c96-6253-4b61-8c99-ad87ed1fd1f3;credit#79f62aad-d546-4726-bcac-d0ee58558c91;Requesting credit#79f62aad-d546-4726-bcac-d0ee58558c91 by credit#79f62aad-d546-4726-bcac-d0ee58558c91
82.13674016850165;balance#db378d69-78bb-409a-994f-18b808b06d14;INFO;0.2081419022444312;0.021426644275255827;1.0131403055670607;f94a45fc-b1e7-4926-8c4a-1b853bfcb95e;balance#db378d69-78bb-409a-994f-18b808b06d14;Requesting balance#db378d69-78bb-409a-994f-18b808b06d14 by balance#db378d69-78bb-409a-994f-18b808b06d14
82.17582860743195;credit#79f62aad-d546-4726-bcac-d0ee58558c91;INFO;0.0014247430451896314;0.007965587242407852;0.03908843893031342;f94a45fc-b1e7-4926-8c4a-1b853bfcb95e;credit#79f62aad-d546-4726-bcac-d0ee58558c91;Requesting credit#79f62aad-d546-4726-bcac-d0ee58558c91 by credit#79f62aad-d546-4726-bcac-d0ee58558c91
84.71431601476004;client;INFO;0.008463400254159627;0.007129627188417182;3.089209308042676;b263720c-8ec1-48e3-83d7-32ac5356a44f;balance#db378d69-78bb-409a-994f-18b808b06d14;Requesting balance#db378d69-78bb-409a-994f-18b808b06d14 by client
84.78436874095198;authentication#697fca12-5e2b-4e01-b0d3-81e084c20ed6;INFO;0.10482929414458685;0.018594247582219496;0.07005272619193118;b263720c-8ec1-48e3-83d7-32ac5356a44f;authentication#697fca12-5e2b-4e01-b0d3-81e084c20ed6;Requesting authentication#697fca12-5e2b-4e01-b0d3-81e084c20ed6 by authentication#697fca12-5e2b-4e01-b0d3-81e084c20ed6
84.86900274349357;balance#db378d69-78bb-409a-994f-18b808b06d14;INFO;0.10843628643702401;0.01583181716121584;0.08463400254159627;b263720c-8ec1-48e3-83d7-32ac5356a44f;balance#db378d69-78bb-409a-994f-18b808b06d14;Requesting balance#db378d69-78bb-409a-994f-18b808b06d14 by balance#db378d69-78bb-409a-994f-18b808b06d14
84.94274032949963;payment#0c56fbee-e3f8-449e-86b2-f83eceab7a30;INFO;0.001978866275119584;0.004022808067964127;0.07373758600606259;b263720c-8ec1-48e3-83d7-32ac5356a44f;payment#0c56fbee-e3f8-449e-86b2-f83eceab7a30;Requesting payment#0c56fbee-e3f8-449e-86b2-f83eceab7a30 by payment#0c56fbee-e3f8-449e-86b2-f83eceab7a30
84.95698775995153;credit#79f62aad-d546-4726-bcac-d0ee58558c91;INFO;0.009986549245366919;0.0011486003797176417;0.014247430451896314;b263720c-8ec1-48e3-83d7-32ac5356a44f;credit#79f62aad-d546-4726-bcac-d0ee58558c91;Requesting credit#79f62aad-d546-4726-bcac-d0ee58558c91 by credit#79f62aad-d546-4726-bcac-d0ee58558c91
86.57489207924891;client;INFO;0.10843628643702401;0.01583181716121584;0.08463400254159627;bd286243-2d79-4f23-afe9-ccbc5a68f34f;balance#db378d69-78bb-409a-994f-18b808b06d14;Requesting balance#db378d69-78bb-409a-994f-18b808b06d14 by client
87.62318502069478;authentication#697fca12-5e2b-4e01-b0d3-81e084c20ed6;INFO;0.008314683296749139;0.00818890006817936;1.0482929414458684;bd286243-2d79-4f23-afe9-ccbc5a68f34f;authentication#697fca12-5e2b-4e01-b0d3-81e084c20ed6;Requesting authentication#697fca12-5e2b-4e01-b0d3-81e084c20ed6 by authentication#697fca12-5e2b-4e01-b0d3-81e084c20ed6
88.70754788506501;balance#db378d69-78bb-409a-994f-18b808b06d14;INFO;0.2047461574723736;0.025975709935477216;1.08436286437024;bd286243-2d79-4f23-afe9-ccbc5a68f34f;balance#db378d69-78bb-409a-994f-18b808b06d14;Requesting balance#db378d69-78bb-409a-994f-18b808b06d14 by balance#db378d69-78bb-409a-994f-18b808b06d14
88.80741337751869;credit#79f62aad-d546-4726-bcac-d0ee58558c91;INFO;0.004865531038535979;0.00942832926207357;0.09986549245366919;bd286243-2d79-4f23-afe9-ccbc5a68f34f;credit#79f62aad-d546-4726-bcac-d0ee58558c91;Requesting credit#79f62aad-d546-4726-bcac-d0ee58558c91 by credit#79f62aad-d546-4726-bcac-d0ee58558c91
91.22851313725143;client;INFO;0.10420070160242366;0.015550817526067604;2.047461574723736;2ae17d55-b685-4f05-b6a4-5a8a38960451;balance#db378d69-78bb-409a-994f-18b808b06d14;Requesting balance#db378d69-78bb-409a-994f-18b808b06d14 by client
91.31165997021891;authentication#697fca12-5e2b-4e01-b0d3-81e084c20ed6;INFO;0.004705925015346963;0.0018382624912524786;0.0831468329674914;2ae17d55-b685-4f05-b6a4-5a8a38960451;authentication#697fca12-5e2b-4e01-b0d3-81e084c20ed6;Requesting authentication#697fca12-5e2b-4e01-b0d3-81e084c20ed6 by authentication#697fca12-5e2b-4e01-b0d3-81e084c20ed6
91.81810291451222;client;INFO;0.10334766392938043;0.014349381366579718;0.024066024450366028;9a5ae6f3-11dd-4c71-8bc2-fba1d05f402c;balance#db378d69-78bb-409a-994f-18b808b06d14;Requesting balance#db378d69-78bb-409a-994f-18b808b06d14 by client
91.86516216466569;authentication#697fca12-5e2b-4e01-b0d3-81e084c20ed6;INFO;0.008664716335641295;0.00611738884800557;0.04705925015346963;9a5ae6f3-11dd-4c71-8bc2-fba1d05f402c;authentication#697fca12-5e2b-4e01-b0d3-81e084c20ed6;Requesting authentication#697fca12-5e2b-4e01-b0d3-81e084c20ed6 by authentication#697fca12-5e2b-4e01-b0d3-81e084c20ed6
92.35366698624316;balance#db378d69-78bb-409a-994f-18b808b06d14;INFO;0.2024945605799959;0.028508411487710224;1.0334766392938042;2ae17d55-b685-4f05-b6a4-5a8a38960451;balance#db378d69-78bb-409a-994f-18b808b06d14;Requesting balance#db378d69-78bb-409a-994f-18b808b06d14 by balance#db378d69-78bb-409a-994f-18b808b06d14
92.40232229662851;credit#79f62aad-d546-4726-bcac-d0ee58558c91;INFO;0.0011287439188718213;0.008451935227148592;0.04865531038535979;2ae17d55-b685-4f05-b6a4-5a8a38960451;credit#79f62aad-d546-4726-bcac-d0ee58558c91;Requesting credit#79f62aad-d546-4726-bcac-d0ee58558c91 by credit#79f62aad-d546-4726-bcac-d0ee58558c91
92.8986388039595;balance#db378d69-78bb-409a-994f-18b808b06d14;INFO;0.2024945605799959;0.028508411487710224;1.0334766392938042;9a5ae6f3-11dd-4c71-8bc2-fba1d05f402c;balance#db378d69-78bb-409a-994f-18b808b06d14;Requesting balance#db378d69-78bb-409a-994f-18b808b06d14 by balance#db378d69-78bb-409a-994f-18b808b06d14
92.9184274667107;payment#0c56fbee-e3f8-449e-86b2-f83eceab7a30;INFO;0.0019057576417325463;0.009183333724375523;0.01978866275119584;9a5ae6f3-11dd-4c71-8bc2-fba1d05f402c;payment#0c56fbee-e3f8-449e-86b2-f83eceab7a30;Requesting payment#0c56fbee-e3f8-449e-86b2-f83eceab7a30 by payment#0c56fbee-e3f8-449e-86b2-f83eceab7a30
92.92971490589942;credit#79f62aad-d546-4726-bcac-d0ee58558c91;INFO;0.0016884407115369442;0.00803202742556956;0.011287439188718213;9a5ae6f3-11dd-4c71-8bc2-fba1d05f402c;credit#79f62aad-d546-4726-bcac-d0ee58558c91;Requesting credit#79f62aad-d546-4726-bcac-d0ee58558c91 by credit#79f62aad-d546-4726-bcac-d0ee58558c91
94.96658374037965;client;INFO;0.007915290277690919;0.005367417616716288;3.05459881253342;8bb3b8f4-7718-4fab-be05-e886c6bbe8f6;balance#db378d69-78bb-409a-994f-18b808b06d14;Requesting balance#db378d69-78bb-409a-994f-18b808b06d14 by client
95.05323090373606;authentication#697fca12-5e2b-4e01-b0d3-81e084c20ed6;INFO;0.10512252360361593;0.015900977596203514;0.08664716335641295;8bb3b8f4-7718-4fab-be05-e886c6bbe8f6;authentication#697fca12-5e2b-4e01-b0d3-81e084c20ed6;Requesting authentication#697fca12-5e2b-4e01-b0d3-81e084c20ed6 by authentication#697fca12-5e2b-4e01-b0d3-81e084c20ed6
95.13238380651298;balance#db378d69-78bb-409a-994f-18b808b06d14;INFO;0.10675165357336672;0.013561175784682189;0.07915290277690919;8bb3b8f4-7718-4fab-be05-e886c6bbe8f6;balance#db378d69-78bb-409a-994f-18b808b06d14;Requesting balance#db378d69-78bb-409a-994f-18b808b06d14 by balance#db378d69-78bb-409a-994f-18b808b06d14
95.14926821362835;credit#79f62aad-d546-4726-bcac-d0ee58558c91;INFO;0.005363843227680284;0.003284881495302281;0.01688440711536944;8bb3b8f4-7718-4fab-be05-e886c6bbe8f6;credit#79f62aad-d546-4726-bcac-d0ee58558c91;Requesting credit#79f62aad-d546-4726-bcac-d0ee58558c91 by credit#79f62aad-d546-4726-bcac-d0ee58558c91
96.54161951061158;client;INFO;0.20642718515473654;0.024539114531257518;1.0675165357336671;74bcc253-2995-4692-bd7e-27619dcd46f2;balance#db378d69-78bb-409a-994f-18b808b06d14;Requesting balance#db378d69-78bb-409a-994f-18b808b06d14 by client
97.35288898156499;client;INFO;0.20642718515473654;0.024539114531257518;1.0675165357336671;f5371c8d-110f-410b-9975-e5dcc4f709e7;balance#db378d69-78bb-409a-994f-18b808b06d14;Requesting balance#db378d69-78bb-409a-994f-18b808b06d14 by client
97.40708395019695;authentication#697fca12-5e2b-4e01-b0d3-81e084c20ed6;INFO;0.007057945375647421;0.0032311379669837333;0.05419496863195639;f5371c8d-110f-410b-9975-e5dcc4f709e7;authentication#697fca12-5e2b-4e01-b0d3-81e084c20ed6;Requesting authentication#697fca12-5e2b-4e01-b0d3-81e084c20ed6 by authentication#697fca12-5e2b-4e01-b0d3-81e084c20ed6
97.59284474664774;authentication#697fca12-5e2b-4e01-b0d3-81e084c20ed6;INFO;0.007057945375647421;0.0032311379669837333;0.05419496863195639;74bcc253-2995-4692-bd7e-27619dcd46f2;authentication#697fca12-5e2b-4e01-b0d3-81e084c20ed6;Requesting authentication#697fca12-5e2b-4e01-b0d3-81e084c20ed6 by authentication#697fca12-5e2b-4e01-b0d3-81e084c20ed6
98.66990411608623;balance#db378d69-78bb-409a-994f-18b808b06d14;INFO;0.20593119151996533;0.02553728270708964;1.0770593694384827;74bcc253-2995-4692-bd7e-27619dcd46f2;balance#db378d69-78bb-409a-994f-18b808b06d14;Requesting balance#db378d69-78bb-409a-994f-18b808b06d14 by balance#db378d69-78bb-409a-994f-18b808b06d14
98.72354254836303;credit#79f62aad-d546-4726-bcac-d0ee58558c91;INFO;0.005462462597066492;0.0030694932684305508;0.053638432276802844;74bcc253-2995-4692-bd7e-27619dcd46f2;credit#79f62aad-d546-4726-bcac-d0ee58558c91;Requesting credit#79f62aad-d546-4726-bcac-d0ee58558c91 by credit#79f62aad-d546-4726-bcac-d0ee58558c91
99.47135580174431;balance#db378d69-78bb-409a-994f-18b808b06d14;INFO;0.30241942252778214;0.037801013341480325;2.0593119151996535;f5371c8d-110f-410b-9975-e5dcc4f709e7;balance#db378d69-78bb-409a-994f-18b808b06d14;Requesting balance#db378d69-78bb-409a-994f-18b808b06d14 by balance#db378d69-78bb-409a-994f-18b808b06d14
99.49041337816163;payment#0c56fbee-e3f8-449e-86b2-f83eceab7a30;INFO;0.0017674817006095543;0.0036392100062865003;0.019057576417325462;f5371c8d-110f-410b-9975-e5dcc4f709e7;payment#0c56fbee-e3f8-449e-86b2-f83eceab7a30;Requesting payment#0c56fbee-e3f8-449e-86b2-f83eceab7a30 by payment#0c56fbee-e3f8-449e-86b2-f83eceab7a30
99.5450380041323;credit#79f62aad-d546-4726-bcac-d0ee58558c91;INFO;0.0048489812069877035;0.0037324028037089424;0.05462462597066492;f5371c8d-110f-410b-9975-e5dcc4f709e7;credit#79f62aad-d546-4726-bcac-d0ee58558c91;Requesting credit#79f62aad-d546-4726-bcac-d0ee58558c91 by credit#79f62aad-d546-4726-bcac-d0ee58558c91
